Fecha; A絪 ;Municipio;Paraje;Causa;Rasa;Arbolada; Total_(ha) ;X1;Y1;Latitud;Longitud
03/03/2016;2016;Almassora;Colonia Santa Quiteria;Intencionado;0.08;0; <1 ;749210;4426595;39.952804;-0.082703451
16/04/2016;2016;A칤n;l'Escapulari;Negligencia;0;0.4; <1 ;726724;4420650;39.90562122;-0.347716433
04/06/2016;2016;Llucena/Lucena del Cid;El Tossal;Rayo;0.001;0; <1 ;731507;4446000;40.13246969;-0.282781281
25/07/2016;2016;Artana;Chautena;Desconocida / En investigaci칩n;109.17;1425.33;1,534.50;735256;4421242;39.90862406;-0.247799819
04/08/2016;2016;Sierra Engarcer치n;Barranc d'Estela;Otras Causas;0.02;0; <1 ;752900;4456802;40.22349891;-0.027753674
28/08/2016;2016;Segorbe;Artel;Intencionado;0.6;0; <1 ;716147;4414287;39.85110982;-0.473437056
14/09/2016;2016;Alcal de Xivert;Ametler;Rayo;0;0; <1 ;778725;4468555;40.32102556;0.280419891
29/02/2016;2016;Vall d'Uix칩 (la);Miramar;Negligencia;1.8;0;1.8;739021;4414024;39.8426141;-0.206441734
10/06/2016;2016;Castillo de Villamalefa;Masia Salvador;Rayo;0.003;0; <1 ;722234;4446149;40.13631261;-0.391459186
20/06/2016;2016;Vilafam칠s;Tossal del Navero;Otras Causas;0;3.3;3.3;754764;4445477;40.12104093;-0.010353307
06/09/2016;2016;Almenara;La Pinaeta;Rayo;0;0.005; <1 ;737133;4404127;39.75407447;-0.232059081
10/09/2016;2016;Serratella (la);Tossal del Gros;Rayo;0.002;0; <1 ;759099;4466626;40.30998879;0.048974291
10/09/2016;2016;Gaibiel;La Carrasca;Rayo;1.6;0;1.6;715052;4421716;39.91825834;-0.483780141
23/09/2016;2016;Villahermosa del R칤o;El Alt칤s;Rayo;0.5;0; <1 ;720019;4450713;40.1779729;-0.415875619
24/09/2016;2016;Bej칤s;Las Calzadas;Rayo;0.007;0; <1 ;692050;4420780;39.91535857;-0.7529842
24/09/2016;2016;J칠rica;El Sabinar;Rayo;0.005;0; <1 ;711323;4424600;39.94515699;-0.526437864
19/10/2016;2016;Pobla Tornesa (la);Cusan;Intencionado;0;0; <1 ;755548;4442671;40.09555682;-0.002274458
10/09/2016;2016;Serratella (la);Carrascal;Rayo;0;0; <1 ;757788;4467086;40.31453265;0.033752854
11/12/2016;2016;Vinar쑙;Barranco de la Barana;Intencionado;0.04;0; <1 ;788297;4487438;40.48759848;0.401439271
30/03/2016;2016;Sant Jordi/San Jorge;Les Moles;Intencionado;0;0.074; <1 ;782209;4491032;40.52201274;0.33132774
18/05/2016;2016;Soneja;Cuevas de Jayar;Rayo;0.001;0; <1 ;725505;4410176;39.81167552;-0.365572018
07/06/2016;2016;Morella;El R칤o;Negligencia;0.05;0; <1 ;738478;4508302;40.69113385;-0.177711249
10/06/2016;2016;Benicarl칩;Surrat;Intencionado;0.04;0; <1 ;792152;4481559;40.43338322;0.444140214
24/09/2016;2016;Vistabella del Maestrat;Mas de la Coixa;Rayo;0;0; <1 ;733016;4467838;40.32857588;-0.257166745
07/11/2016;2016;Useras/Useres (les);Foia Estreta;Negligencia;0.2;0.1; <1 ;743326;4451317;40.17697731;-0.14221315
10/11/2016;2016;Traiguera;La Mare de Deu de la Salut;Intencionado;8;1.3;9.3;780046;4488610;40.50096224;0.304764423
29/02/2016;2016;Xert;Llavadors;Negligencia;0;0.005; <1 ;767658;4900322;44.20698708;0.350072768
28/03/2016;2016;Almenara;El Calamo;Desconocida / En investigaci칩n;7;0;7;741069;4402661;39.73977722;-0.186704765
25/04/2016;2016;Betx칤;Camino del Pantano;Negligencia;0.02;0; <1 ;738840;4425049;39.94188162;-0.204524052
27/05/2016;2016;Geldo;Cebrica;Negligencia;0.006;0; <1 ;717030;4412797;39.83747284;-0.463618949
28/05/2016;2016;Borriol;Els Xops;Negligencia;0.1;0; <1 ;752294;4438006;40.05456401;-0.042215416
28/06/2016;2016;Benicarl칩;Riu Sec;Negligencia;0.2;0; <1 ;790688;4480704;40.42620683;0.426519941
09/07/2016;2016;Montanejos;Molarico;Rayo;0;0.12; <1 ;711576;4441920;40.10099654;-0.51783235
16/08/2016;2016;Ludiente;Los Navarros;Rayo;0;0.001; <1 ;717833;4440714;40.0885459;-0.444900701
10/09/2016;2016;Vilafam칠s;Estepar;Rayo;0.001;0; <1 ;751878;4443446;40.10363575;-0.044969289
11/09/2016;2016;Algimia de Almonacid;Pascual;Rayo;0;0.005; <1 ;721517;4420198;39.90292968;-0.408723397
12/09/2016;2016;Torreblanca;Fond칩 l'Anoger;Otras Causas;2;0;2;769855;4457265;40.22237814;0.171427253
14/09/2016;2016;Salzadella (la);Serra de S. Jose-Bovalar;Rayo;0.11;0; <1 ;770648;4477473;40.40390088;0.189282185
25/04/2016;2016;Almenara;Tayola;Rayo;0;0.5; <1 ;739405;4403521;39.7479856;-0.205789153
06/06/2016;2016;Alfondeguilla;Alcornocaret;Negligencia;0;1;1;733856;4413747;39.84155864;-0.266841186
10/09/2016;2016;Vistabella del Maestrat;Serra del Boi;Rayo;0;0.5; <1 ;734636;4471871;40.36441435;-0.236636824
10/09/2016;2016;Benicarl칩;Riu Sec;Negligencia;0.6;0; <1 ;790536;4480735;40.42653868;0.424745416
14/09/2016;2016;Cabanes;Canelles;Rayo;0.015;0; <1 ;761288;4446650;40.12959333;0.066577892
03/06/2016;2016;Azu칠bar;La Tejer칤a;Intencionado;0;0.25; <1 ;724984;4413353;39.84040832;-0.370561907
25/06/2016;2016;T칤rig;Sitja;Otras Causas;0.165;0; <1 ;759207;4477988;40.4121727;0.054858243
06/07/2016;2016;Benafer;Verd칤n;Intencionado;0.4;0; <1 ;707253;4422778;39.92976208;-0.574616473
08/07/2016;2016;Ay칩dar;El Madro침ar;Otras Causas;0;0.5; <1 ;725633;4429780;39.98808501;-0.357304322
11/07/2016;2016;Pobla de Benifass (la);Umbria del Form;Rayo;0;1;1;768463;4507942;40.67868084;0.176504996
18/07/2016;2016;Cabanes;Cloches;Negligencia;0;12;12;763065;4449333;40.15317697;0.088498748
26/07/2016;2016;Ares del Maestrat;El Pla de Catalina;Otras Causas;0;0.6; <1 ;749882;4473523;40.37485032;-0.056651651
23/08/2016;2016;Coves de Vinrom (les);Mas del Coll;Otras Causas;0.35;0; <1 ;760729;4471769;40.35575002;0.070227642
11/09/2016;2016;Alcora (l');Urbanizaci칩n El Pantano;Rayo;0.025;0; <1 ;741822;4435758;40.03740314;-0.165678173
23/09/2016;2016;Castell칩n de la Plana/Castell칩 de la Plana;Bovalar;Rayo;0.002;0; <1 ;750980;4434055;40.01940562;-0.059129813
24/09/2016;2016;Borriol;Loma;Rayo;0;0.07; <1 ;746829;4434206;40.02198807;-0.107652951
14/05/2016;2016;Atzeneta del Maestrat;Vetalaire;Otras Causas;0;0.02; <1 ;739199;4458081;40.23902982;-0.188111771
29/05/2016;2016;Segorbe;Amara Alta;Negligencia;0.14;0; <1 ;714740;4414969;39.85760569;-0.48964492
08/07/2016;2016;Pina de Montalgrao;La Ca침ada;Rayo;0.003;0; <1 ;698768;4432563;40.01988456;-0.670843518
16/08/2016;2016;Vistabella del Maestrat;Font del Pi;Rayo;0;0; <1 ;734404;4462662;40.28160933;-0.242742434
14/09/2016;2016;Borriol;Pedra Felip;Rayo;0;0.003; <1 ;749394;4394000;39.65944586;-0.092941672
23/09/2016;2016;Alcal de Xivert;Torre Ebr칤;Rayo;0;0.005; <1 ;778792;4463345;40.27414162;0.278938673
23/09/2016;2016;Pen칤scola/Pe침칤scola;Font Nova;Rayo;0;0.007; <1 ;785439;4470850;40.33939968;0.360337049
23/09/2016;2016;Atzeneta del Maestrat;Mangranar;Rayo;0;1.5;1.5;736740;4455524;40.21671836;-0.217928271
23/09/2016;2016;Benafigos;Mas de Mar칤n;Rayo;0;0.01; <1 ;737694;4464911;40.30091884;-0.203251239
08/10/2016;2016;Figueroles;Burg;Rayo;0;0.15; <1 ;736884;4445271;40.12441201;-0.220007842
30/01/2016;2016;Benicarl칩;Riu Sec;Negligencia;0.01;0; <1 ;790695;4480694;40.42611446;0.426597745
18/04/2016;2016;Coves de Vinrom (les);Abocador;Intencionado;0;0.003; <1 ;766499;4467325;40.31395016;0.136223882
22/04/2016;2016;Cervera del Maestre;Euxadui;Rayo;0;0.005; <1 ;778969;4477547;40.40182177;0.287217481
21/06/2016;2016;Sant Jordi/San Jorge;Moles;Negligencia;0.02;0; <1 ;781202;4489560;40.50911571;0.318806038
10/08/2016;2016;Altura;Navajo del Fraile;Rayo;0.004;0; <1 ;703451;4405567;39.77574624;-0.624423184
14/09/2016;2016;Vilafam칠s;Bco. Centenar;Rayo;0.002;0; <1 ;746420;4444751;40.1169937;-0.108426982
23/09/2016;2016;Atzeneta del Maestrat;Les Rivals;Rayo;0;1.5;1.5;738375;4454041;40.20291007;-0.199285854
07/05/2017;2017;Alcora (l');Azud;Negligencia;0;0.007; <1 ;737222;4440735;40.08349735;-0.217710263
10/05/2017;2017;Torreblanca;Perchetes;Intencionado;1;0;1;772557;4454395;40.19568738;0.201919038
17/05/2017;2017;Morella;Mol칤 Adel;Negligencia;0;0.25; <1 ;743265;4499587;40.6113232;-0.124497192
18/05/2017;2017;Altura;Los Albares;Rayo;0.01;0; <1 ;709220;4415040;39.85962302;-0.554096041
27/05/2017;2017;Alcora (l');El Bustal;Negligencia;0;3;3;741429;4440858;40.083409;-0.168378435
01/06/2017;2017;Cortes de Arenoso;Mateva;Rayo;0;0.001; <1 ;707891;4446165;40.14012574;-0.55966015
04/06/2017;2017;Villahermosa del R칤o;Mas칤a Calarizo;Rayo;0;0; <1 ;714192;4455043;40.21845321;-0.482808784
20/06/2017;2017;Pina de Montalgrao;Corral de Esteban;Rayo;0.01;0; <1 ;700013;4433455;40.02762047;-0.6559912
21/06/2017;2017;Puebla de Arenoso;Pijer;Rayo;0;0; <1 ;702974;4442654;40.10972206;-0.618434676
29/06/2017;2017;Vall d'Uix칩 (la);Almelerar;Intencionado;0;0.75; <1 ;740220;4410897;39.81413532;-0.193590386
15/07/2017;2017;Vilafranca/Villafranca del Cid;Mas de Tosca de Dalt;Rayo;0;0.13; <1 ;729566;4480983;40.44782503;-0.292998095
21/07/2017;2017;Torralba del Pinar;Los Morrones de Gil;Rayo;0;0.015; <1 ;718786;4430569;39.99698685;-0.437156415
30/07/2017;2017;Sot de Ferrer;El Juncar;Rayo;0;0.004; <1 ;722661;4407564;39.78891477;-0.399650426
04/08/2017;2017;Pen칤scola/Pe침칤scola;Font Nova;Negligencia;1.2;0;1.2;785649;4470497;40.33615309;0.36264745
15/08/2017;2017;Zorita del Maestrazgo;Cerro Mill치n;Rayo;0;0.2; <1 ;736808;4517951;40.77843531;-0.193803974
16/08/2017;2017;Benic맙sim/Benicasim;Barranc de les Ag칲lles;Intencionado;0.05;0; <1 ;760761;4439915;40.06916356;0.057685108
31/08/2017;2017;Llucena/Lucena del Cid;Mas de Clapisa;Rayo;0;0; <1 ;729209;4452607;40.19255948;-0.307375105
10/09/2017;2017;Sierra Engarcer치n;Canal;Intencionado;0;4.03;4.03;754648;4441648;40.08662513;-0.013221121
01/12/2017;2017;Alcora (l');Pantano;Negligencia;0;0.005; <1 ;741956;4436063;40.04010932;-0.163995624
08/12/2017;2017;Benlloc;Cuartico;Negligencia;1;0;1;765631;4453461;40.189506;0.120284578
18/12/2017;2017;Vall d'Uix칩 (la);Barranc de Sant Josep;Negligencia;0.5;0; <1 ;737569;4410636;39.81253115;-0.224621269
17/01/2018;2018;Pobla de Benifass (la);El Salt;Rayo;0;0.02; <1 ;769084;4511986;40.71485339;0.185575952
24/02/2018;2018;J칠rica;Molino del Tintorero;Negligencia;0.1;0; <1 ;707888;4422859;39.93033558;-0.567165848
18/03/2018;2018;Mont치n;Hoya Higuera;Negligencia;53.93;0;53.93;707316;4432386;40.01623537;-0.570818105
17/04/2018;2018;Torralba del Pinar;Losas;Negligencia;0.25;0.25; <1 ;718786;4429729;39.98942619;-0.437439177
25/04/2018;2018;Eslida;Horta Seca;Negligencia;0.013;0; <1 ;731760;4418501;39.88491861;-0.289627819
27/04/2018;2018;Alcora (l');Torremundo;Rayo;0.03;0; <1 ;733873;4440202;40.07963716;-0.257139264
01/05/2018;2018;Alcora (l');Solana;Negligencia;0.02;0; <1 ;732522;4438823;40.06760085;-0.273462092
21/05/2018;2018;Vila-real;Rec Nou;Negligencia;0.3;0; <1 ;748624;4426696;39.95388518;-0.08951636
21/05/2018;2018;Ludiente;Corral Blanco;Rayo;0.002;0; <1 ;723007;4441218;40.09172791;-0.384096912
21/05/2018;2018;Sant Mateu;Mas de la Roca;Rayo;0;0.004; <1 ;763432;4485747;40.48064572;0.107799091
22/05/2018;2018;Suera/Sueras;Pe침a Marco;Rayo;0;0.09; <1 ;728107;4426816;39.96074484;-0.32939672
27/05/2018;2018;Vall de Almonacid;Rinc칩n de Soriano;Rayo;0.001;0; <1 ;715548;4417762;39.88254149;-0.479287226
28/05/2018;2018;Alcal de Xivert;Malentiu;Rayo;0;0; <1 ;771431;4463391;40.27697528;0.19251265
30/05/2018;2018;Puebla de Arenoso;Mas칤a Artiaguillas;Rayo;0;0.001; <1 ;703870;4438885;40.07557771;-0.609118407
28/06/2018;2018;Torralba del Pinar;Masia del Prado;Rayo;0;0.001; <1 ;714743;4431021;40.00209262;-0.484322958
28/06/2018;2018;Cirat;Jarica;Rayo;0;0.05; <1 ;716454;4436250;40.04872173;-0.462553106
02/07/2018;2018;Benicarl칩;Riu Sec;Negligencia;0.01;0; <1 ;790675;4480645;40.42568078;0.426340005
10/07/2018;2018;Xert;Tossal Pin칩s;Rayo;0.1;0; <1 ;763494;4496151;40.57421706;0.112860931
10/07/2018;2018;Villahermosa del R칤o;Cas Juan Antonio;Rayo;0;0.55; <1 ;717532;4449938;40.17164557;-0.445319585
10/07/2018;2018;Villahermosa del R칤o;Sierra Aspera;Rayo;0.07;0; <1 ;718952;4449574;40.16800036;-0.428782744
10/07/2018;2018;Llucena/Lucena del Cid;Torre Foios;Rayo;0.001;0; <1 ;728353;4446390;40.13684198;-0.319623527
09/08/2018;2018;Xert;Fontanals;Rayo;0.5;0; <1 ;768110;4493857;40.5521006;0.166341402
09/08/2018;2018;Benicarl칩;Les Alcores;Rayo;0.825;0; <1 ;786579;4485415;40.46999943;0.380289548
13/08/2018;2018;Alfondeguilla;Paridera;Rayo;0.02;0; <1 ;730627;4413162;39.83717629;-0.304746046
13/08/2018;2018;Torralba del Pinar;Tajar;Rayo;0;0.003; <1 ;719581;4428021;39.97384675;-0.428713167
17/08/2018;2018;Altura;Corral Nuevo;Rayo;0.001;0; <1 ;710342;4410548;39.81890995;-0.542433198
21/08/2018;2018;Artana;Serra (Penya migdia);Otras Causas;0;0.001; <1 ;736511;4418841;39.88666715;-0.234003468
29/08/2018;2018;Fanzara;Riu Millars;Desconocida / En investigaci칩n;0;0.05; <1 ;728728;4432597;40.01260592;-0.320100038
03/10/2018;2018;Alcora (l');Mas Vell;Intencionado;0;0.4; <1 ;736925;4435603;40.03739756;-0.223066738
11/10/2018;2018;Coves de Vinrom (les);Rajolar Rinera;Intencionado;0.3;0; <1 ;766322;4467505;40.31562584;0.134218795
03/01/2019;2019;Castillo de Villamalefa;R칤o Villahermosa;Desconocida / En investigaci칩n;0;0.02; <1 ;721537;4445033;40.12645222;-0.400015492
28/01/2019;2019;Altura;Balaguera;Otras Causas;0;0.2; <1 ;712327;4412365;39.83477246;-0.518672804
24/02/2019;2019;Sant Jordi/San Jorge;La Mare de Deu;Negligencia;0.025;0; <1 ;780279;4488384;40.49885098;0.307409723
17/03/2019;2019;Benassal;Barranco de Sola;Negligencia;0;0.03; <1 ;741188;4474025;40.38192757;-0.158746475
22/03/2019;2019;Alcora (l');Regatell;Intencionado;0;0.1; <1 ;740737;4436085;40.04065601;-0.178259148
18/05/2019;2019;Torralba del Pinar;Solana;Rayo;0;0.105; <1 ;718290;4431105;40.00193958;-0.44278098
20/05/2019;2019;Pobla de Benifass (la);La Font de Sant Pere;Negligencia;0.001;0; <1 ;776248;4506238;40.66078526;0.26772902
22/05/2019;2019;Cirat;Mal paso;Rayo;0;0.08; <1 ;716280;4434759;40.03534603;-0.465088358
31/05/2019;2019;Santa Magdalena de Pulpis;El Camp Roig;Negligencia;0.008;0; <1 ;779713;4472345;40.35478404;0.293688909
05/06/2019;2019;Onda;Barranco Salvador;Desconocida / En investigaci칩n;0.3;0; <1 ;733111;4430300;39.99073547;-0.269625132
07/07/2019;2019;Benassal;Coll les Vistes;Rayo;0.25;0; <1 ;737824;4472516;40.36931548;-0.198892789
21/07/2019;2019;Rossell;Mas de masi;Intencionado;0.65;0.5;1.15;770268;4500662;40.61260978;0.194703456
26/07/2019;2019;Castell de Cabres;Caseta Bous;Rayo;0.005;0; <1 ;761274;4506008;40.66359131;0.090758596
03/08/2019;2019;Vall d'Uix칩 (la);Cami Escoladora;Intencionado;0.02;0; <1 ;739777;4410641;39.81195652;-0.198853567
07/10/2019;2019;Altura;Ribas;Otras Causas;0.873;0; <1 ;705976;4413350;39.8452028;-0.592520357
06/11/2019;2019;Sant Mateu;Piques;Intencionado;0;6.5;6.5;771033;4486103;40.48140318;0.197492161
03/12/2019;2019;Coves de Vinrom (les);Mas Albert;Intencionado;0.5;0; <1 ;762416;4471576;40.35348496;0.089986375
19/01/2020;2020;Castell칩n de la Plana/Castell칩 de la Plana;Riu Albaida (cam칤 de l'Assut);Intencionado;0.1;0; <1 ;714733;4327359;39.06893625;-0.517918864
12/03/2020;2020;Altura;Regajo;Negligencia;0.1;0.057; <1 ;707879;4411102;39.82450284;-0.571009901
21/05/2020;2020;Castell칩n de la Plana/Castell칩 de la Plana;Alts Recs;Negligencia;0;0.005; <1 ;713786;4324458;39.04305132;-0.529766334
23/05/2020;2020;Tales;Corral de la Frontera;Negligencia;0;0.024; <1 ;730466;4426700;39.95906153;-0.301848106
22/07/2020;2020;Eslida;Barranco de Chovar;Rayo;0.001;0; <1 ;729344;4417102;39.87298412;-0.318343815
10/08/2020;2020;Zorita del Maestrazgo;La Grallera;Rayo;0;0.128; <1 ;736004;4517416;40.77385267;-0.203522642
12/08/2020;2020;Atzeneta del Maestrat;4 Vientos;Rayo;0;2.5;2.5;745042;4459743;40.25229599;-0.118871456
12/08/2020;2020;Vallibona;Mola Closa;Rayo;0;0.01; <1 ;764207;4501451;40.62166585;0.1234926
12/08/2020;2020;Vilafam칠s;Les Umbries;Rayo;0;0.002; <1 ;750089;4443972;40.10890196;-0.065728207
28/08/2020;2020;Morella;Regatxol;Rayo;0;0.001; <1 ;754514;4503803;40.64586648;0.010004667
18/09/2020;2020;Pobla Tornesa (la);Tossal de la Cova;Rayo;0;0.001; <1 ;755673;4443793;40.10561382;-0.000366354
04/10/2020;2020;Onda;Mas칤a Llidona;Otras Causas;0;0.035; <1 ;737301;4433616;40.01941064;-0.219391339
18/10/2020;2020;Vila-real;Santa Quiteria;Negligencia;0.055;0; <1 ;748288;4426605;39.95316498;-0.093479613
18/10/2020;2020;Almassora;L'Estret;Intencionado;0.015;0; <1 ;749705;4426079;39.94801507;-0.077113794
19/10/2020;2020;Sant Mateu;El Pati de la Bassa;Otras Causas;0.22;0; <1 ;766416;4482992;40.45491162;0.141796208
22/10/2020;2020;Vilafranca/Villafranca del Cid;Mas del Carro;Negligencia;0;0.015; <1 ;734087;4481922;40.45501452;-0.239399376
18/04/2021;2021;Alcora (l');Pedriza;Desconocida / En investigaci칩n;0;0.1; <1 ;739048;4433676;40.01945776;-0.198921525
15/05/2021;2021;Segorbe;Fuente los 50 Ca침os;Negligencia;0.04;0; <1 ;715095;4414905;39.85693974;-0.485519695
20/05/2021;2021;Vinar쑙;Sol del R칤u;Desconocida / En investigaci칩n;0.13;0; <1 ;797535;4490995;40.51632607;0.511911267
22/05/2021;2021;Navajas;El Nogueral;Negligencia;0.1;0; <1 ;713363;4417344;39.87933128;-0.504953082
07/06/2021;2021;Llucena/Lucena del Cid;Solanes Mollon;Rayo;0;0; <1 ;730877;4449498;40.16412304;-0.288915623
15/06/2021;2021;Vilafam칠s;Barranco dels Pous;Rayo;0.02;0; <1 ;747158;4444892;40.11804597;-0.099723569
07/07/2021;2021;Sierra Engarcer치n;Raco de San Miquel;Rayo;0;0; <1 ;755658;4459880;40.25035517;0.00584359
07/07/2021;2021;Alboc맙ser;ermita de Sant Joan;Rayo;0.005;0; <1 ;756683;4467889;40.3220972;0.021088209
20/07/2021;2021;Coves de Vinrom (les);Barranco La Juliana;Rayo;0.002;0; <1 ;765998;4463383;40.27864805;0.128698682
26/07/2021;2021;Torrechiva;El Rebollar;Rayo;0;0.007; <1 ;720352;4435410;40.04015183;-0.4171866
14/08/2021;2021;Suera/Sueras;Espad치n;Rayo;0;0.833; <1 ;725638;4428683;39.97821042;-0.357626457
14/08/2021;2021;Soneja;Camino Boguera;Rayo;302.51;118.09;420.6;722927;4414238;39.84891618;-0.394277702
15/08/2021;2021;Caudiel;Bolage;Rayo;0;0.011; <1 ;709227;4425910;39.95746984;-0.550529719
15/08/2021;2021;Alcora (l');La Serra;Rayo;0.002;0; <1 ;739469;4443523;40.10795026;-0.190353389
19/08/2021;2021;Benic맙sim/Benicasim;Agujas de Sta 츼gueda;Rayo;0.002;0; <1 ;761074;4439949;40.06937256;0.06136411
20/08/2021;2021;Pobla de Benifass (la);Mas de Pitxi;Rayo;0.25;0; <1 ;759717;4511166;40.71048269;0.074498911
23/08/2021;2021;Benafigos;Les Trencades;Rayo;0.006;0; <1 ;739733;4461182;40.26678149;-0.180682884
24/08/2021;2021;Villahermosa del R칤o;El Romeral;Rayo;0;0.007; <1 ;716832;4455371;40.22072673;-0.451701603
30/08/2021;2021;Argelita;Corral de Pio;Rayo;0;0.003; <1 ;725414;4438215;40.06405984;-0.356936593
05/09/2021;2021;Almenara;Pontarr칩;Intencionado;3.903;0;3.9;740324;4402259;39.73636977;-0.195535914
16/09/2021;2021;Culla;Mas e Montoliu;Rayo;0.004;0; <1 ;746424;4459650;40.25105366;-0.102677649
01/02/2022;2022;Nules;Cucharero;Negligencia;0;0.1; <1 ;739347;4419635;39.89301705;-0.200582659
19/02/2022;2022;Onda;Barranco Beniparrell;Negligencia;0.003;0; <1 ;734787;4428670;39.97560245;-0.250604277
06/03/2022;2022;Nules;Andana bovalar;Intencionado;2.763;0;2.76;746683;4413461;39.8353578;-0.117209222
25/05/2022;2022;Soneja;Rodeno;Rayo;0;0.003; <1 ;727778;4409983;39.80933273;-0.339111888
29/05/2022;2022;Bej칤s;Mas칤a Franco;Negligencia;0.08;0; <1 ;694343;4421200;39.9186169;-0.726050414
29/05/2022;2022;Pen칤scola/Pe침칤scola;La Garrocha;Rayo;0.004;0; <1 ;783677;4479214;40.41522481;0.343347828
13/06/2022;2022;Culla;Mas la Llorensa;Rayo;0.003;0; <1 ;745223;4464511;40.29514517;-0.114921677
13/06/2022;2022;Culla;El Molinell;Rayo;0.068;0; <1 ;746299;4469920;40.34349776;-0.10019447
15/06/2022;2022;Vallibona;Pic de la Serreta;Rayo;0.081;0; <1 ;765651;4502493;40.63057617;0.14097898
17/06/2022;2022;Altura;Barranco Mas칩;Rayo;0.6;0; <1 ;710143;4413265;39.84341698;-0.543884822
22/06/2022;2022;Zorita del Maestrazgo;El Chorrador;Otras Causas;0.002;0; <1 ;740706;4518810;40.785032;-0.147335493
29/06/2022;2022;Zorita del Maestrazgo;Camino Ros;Rayo;0.02;0.003; <1 ;737253;4513716;40.74020151;-0.190143014
06/07/2022;2022;Borriol;La Penya;Rayo;0;0.01; <1 ;751150;4441723;40.08835018;-0.054168639
17/07/2022;2022;Coves de Vinrom (les);els Quericons;Intencionado;2.824;0;2.82;766557;4467503;40.31553292;0.136979642
23/07/2022;2022;Fuentes de Ay칩dar;Almajal;Negligencia;0;3.253;3.25;719973;4433388;40.02205149;-0.422310362
26/07/2022;2022;Cat칤;Barranco de la Canaleta;Rayo;0.02;0; <1 ;754325;4484064;40.46834224;-0.000171606
26/07/2022;2022;Ares del Maestrat;Mas de Estaca;Rayo;0.004;0; <1 ;748630;4482330;40.45446422;-0.067940125
26/07/2022;2022;Morella;Mas de las Llomas;Rayo;0.24;0; <1 ;749219;4485266;40.48070365;-0.059850084
29/07/2022;2022;Coves de Vinrom (les);Les Pardes;Rayo;0.006;0; <1 ;762167;4466463;40.30756569;0.084961238
15/08/2022;2022;Bej칤s;Arteas de Arriba;Rayo;13531.921;2233.694;15,765.62;692494;4418249;39.89247127;-0.748539439
17/08/2022;2022;Cinctorres;Greu del Gelat;Rayo;0;0.001; <1 ;733202;4493796;40.5621125;-0.245453258
18/08/2022;2022;Toro (el);El Palancar;Rayo;0;1.984;1.98;692304;4432875;40.02419075;-0.746439761
26/08/2022;2022;Villahermosa del R칤o;La Cimorra;Rayo;0;0.002; <1 ;721496;4449924;40.17048335;-0.398816422
03/09/2022;2022;Sant Mateu;Font de Morella;Intencionado;0.025;0; <1 ;767797;4485627;40.4781708;0.159170177
06/09/2022;2022;Altura;La Rapita;Rayo;0.225;0.102; <1 ;712126;4416475;39.87181914;-0.519687599
09/09/2022;2022;Xodos/Chodos;Gargan;Rayo;5.267;1.121;6.39;728632;4457554;40.23723762;-0.312386788
11/09/2022;2022;Cortes de Arenoso;Casa del Pinar;Rayo;3.461;1.32;4.78;712999;4444234;40.12146609;-0.500390112
16/09/2022;2022;Coves de Vinrom (les);Els Quericons;Rayo;0;0; <1 ;766433;4468298;40.32272411;0.135853606
16/09/2022;2022;Pobla Tornesa (la);La Talaia;Rayo;0;0; <1 ;755195;4441568;40.08573981;-0.006845145
18/09/2022;2022;Onda;R칤o Seco (Miralcamp);Intencionado;1.081;0;1.08;738109;4425769;39.94856695;-0.212807277
18/09/2022;2022;Montanejos;Los Planos;Rayo;0;0.006; <1 ;710832;4439269;40.07732088;-0.527417217
02/10/2022;2022;Useres (les)/Useras;Passada dels Perxets;Desconocida / En investigaci칩n;0.05;0; <1 ;744771;4450482;40.16904385;-0.125579491
13/10/2022;2022;Montanejos;La Manzana;Rayo;0;1.273;1.27;710307;4441619;40.09860515;-0.532804846
12/11/2022;2022;Vallibona;Tossal Gross;Rayo;0;0; <1 ;754425;4496969;40.58441246;0.006194044
02/04/2017;2017;Ara침uel;Corral Carrao;Rayo;0;0.12; <1 ;713343;4442102;40.10218876;-0.497060801
09/04/2017;2017;Ares del Maestrat;Pla de Catalina;Negligencia;0.1;0; <1 ;750406;4473097;40.37086029;-0.050654476
23/04/2017;2017;Pen칤scola/Pe침칤scola;Ermita de Sant Antoni;Otras Causas;1;0;1;785225;4471468;40.34503096;0.358097738
28/05/2017;2017;Segorbe;Arguinas;Negligencia;0;0.002; <1 ;723261;4404871;39.76451843;-0.393565235
04/06/2017;2017;Cirat;Alto de la Mojeta;Rayo;0;0.003; <1 ;716565;4439552;40.07841399;-0.460148956
07/07/2017;2017;Barracas;Mairana;Rayo;0.003;0; <1 ;698751;4429067;39.98841638;-0.672112289
14/07/2017;2017;Villahermosa del R칤o;Mas de Celades;Rayo;0;0; <1 ;721528;4458169;40.24468125;-0.3956005
19/07/2017;2017;Cervera del Maestre;Lo Maset;Intencionado;0;0.9; <1 ;783055;4480208;40.42437633;0.336471003
22/07/2017;2017;Sant Mateu;Tolls;Intencionado;3;8.73;11.73;770310;4485209;40.47359713;0.18859432
30/07/2017;2017;Fanzara;La Yesera;Desconocida / En investigaci칩n;0.04;0.11; <1 ;727754;4432795;40.01465117;-0.331430786
05/08/2017;2017;Llucena/Lucena del Cid;Pla de l'Abeller;Rayo;0;0.015; <1 ;724937;4450813;40.17756968;-0.358136184
11/09/2017;2017;Vila-real;Barranc Roig;Intencionado;0;3;3;742819;4424226;39.93334376;-0.158312459
22/09/2017;2017;Benafigos;Lloma de Benafigos;Rayo;0.04;0; <1 ;736378;4465612;40.30760007;-0.218459269
19/10/2017;2017;Vistabella del Maestrat;Mas de Farsa;Rayo;0;0.001; <1 ;732632;4469257;40.34145247;-0.261165288
09/11/2017;2017;Vall d'Uix칩 (la);Maquial;Negligencia;0.2;0; <1 ;733535;4409077;39.79961767;-0.272252322
13/11/2017;2017;Cabanes;Pla de Burg/La Solana;Intencionado;0;6;6;761772;4450048;40.16001326;0.073629346
15/12/2017;2017;Borriana/Burriana;Clot de la Mare de Deu;Intencionado;0.07;0; <1 ;750628;4419178;39.88564634;-0.068973723
29/12/2017;2017;Culla;Serra d췂Esparreguera;Negligencia;488.64;46.56;535.2;751035;4467579;40.32102436;-0.045424228
04/01/2018;2018;Almassora;Casa del Millonario;Intencionado;0.04;0; <1 ;749573;4426194;39.94908878;-0.078612951
19/01/2018;2018;Pobla de Benifass (la);Aviadors- Muela del Fit칩;Otras Causas;0.07;0; <1 ;775925;4509718;40.69219271;0.265442626
19/01/2018;2018;Sant Mateu;Baix la Vila;Intencionado;0.3;0; <1 ;770000;4484145;40.46412709;0.184490342
20/02/2018;2018;Vinar쑙;La Parreta;Desconocida / En investigaci칩n;0;0.5; <1 ;789793;4488584;40.49738388;0.419583643
31/03/2018;2018;Tales;Baranc de la Pedrera;Rayo;0.05;0.02; <1 ;730185;4426012;39.95294611;-0.305377645
23/04/2018;2018;Altura;Barranco del Berro;Otras Causas;1.5;0;1.5;713412;4414474;39.8534848;-0.505317033
27/04/2018;2018;Torrechiva;Los Rosales;Rayo;0;0; <1 ;720934;4436796;40.05247431;-0.409898984
28/04/2018;2018;Cortes de Arenoso;El Moral;Rayo;0;0; <1 ;710478;4455074;40.21967296;-0.526406853
28/04/2018;2018;Vistabella del Maestrat;Batalla;Rayo;0;0.03; <1 ;724446;4463784;40.2944383;-0.35936323
08/05/2018;2018;Llucena/Lucena del Cid;Salto del Caballo;Rayo;0.01;0; <1 ;731869;4442375;40.09974698;-0.279838107
13/05/2018;2018;Pobla de Benifass (la);Ombria del Forn;Rayo;0.001;0; <1 ;767345;4507120;40.67164998;0.16294603
14/05/2018;2018;Fanzara;Huertas;Negligencia;2;0;2;728984;4432877;40.01505651;-0.317004961
28/05/2018;2018;Pobla Tornesa (la);La Foia;Rayo;0;0.001; <1 ;753702;4442760;40.09691578;-0.02386649
06/06/2018;2018;Alcora (l');Monte la Foia;Rayo;0;0.003; <1 ;736163;4437898;40.05826433;-0.231151941
23/06/2018;2018;Barracas;Palancar de Abajo;Rayo;0;0.001; <1 ;693023;4433361;40.02840195;-0.73787559
28/06/2018;2018;Teresa;Benabal;Rayo;0;0; <1 ;702595;4419243;39.89906643;-0.630179987
29/06/2018;2018;Mont치n;Loma la Cierva;Rayo;0;0.5; <1 ;711764;4431948;40.01118891;-0.518888091
07/08/2018;2018;Toro (el);Barranco las Tenosas;Rayo;0;0.002; <1 ;689275;4427600;39.97738443;-0.783447437
16/08/2018;2018;Sant Mateu;Carrascal;Intencionado;0.249;0; <1 ;770109;4481017;40.43595485;0.184444304
16/08/2018;2018;Culla;Torrematella;Rayo;0.01;0; <1 ;747060;4460778;40.2610158;-0.094774579
17/08/2018;2018;Cabanes;Los Lorenzos;Rayo;0.001;0; <1 ;761973;4450509;40.16409802;0.076173557
22/08/2018;2018;Benafer;Cerro Negro;Rayo;0;0.35; <1 ;704166;4425995;39.95947148;-0.609704163
23/08/2018;2018;Vall de Almonacid;Loma de Navajas;Rayo;0;0.001; <1 ;714410;4420132;39.90416302;-0.491805493
23/08/2018;2018;Viver;El Cristo;Rayo;0;0.001; <1 ;704422;4423058;39.93297075;-0.607631106
05/09/2018;2018;Cabanes;El Campello;Rayo;0;0.001; <1 ;762428;4450177;40.16096917;0.08137385
21/09/2018;2018;Vistabella del Maestrat;Foyadores-Mas del Rac칩;Rayo;0;0.01; <1 ;732183;4462004;40.27630732;-0.269077907
15/12/2018;2018;Benicarl칩;R칤o Seco;Intencionado;0.001;0; <1 ;787554;4482988;40.44783602;0.39067212
15/05/2019;2019;Soneja;El Salto;Negligencia;0;0.45; <1 ;720535;4410901;39.81950457;-0.423333565
19/05/2019;2019;Fanzara;Partida;Rayo;0;0.037; <1 ;727353;4433651;40.02246324;-0.335824661
21/05/2019;2019;Villahermosa del R칤o;Masico Lobet;Rayo;0;0.001; <1 ;720471;4457471;40.23867801;-0.408254816
05/06/2019;2019;Eslida;La Costera;Desconocida / En investigaci칩n;0;0.01; <1 ;731100;4418118;39.8816517;-0.297473673
06/07/2019;2019;Forcall;Mas de Vito i Mas de Jaume;Rayo;0;0.3; <1 ;731637;4505744;40.67006607;-0.259525771
08/07/2019;2019;Llucena/Lucena del Cid;Mas d'Olaria;Rayo;0.003;0; <1 ;729080;4452028;40.18738397;-0.309095031
17/07/2019;2019;Serratella (la);Embrosaes;Rayo;2;0;2;758711;4464748;40.29321338;0.043655528
17/07/2019;2019;Portell de Morella;Mas d'Enbela;Rayo;0;0.1; <1 ;732275;4494663;40.57017472;-0.256072045
23/07/2019;2019;Olocau del Rey;Mas del Moj칩n;Otras Causas;0;1;1;724002;4500795;40.62763732;-0.351523852
26/07/2019;2019;Vilanova d'Alcolea;Roca Ensanou;Rayo;0.03;0; <1 ;757878;4462219;40.27071798;0.032850693
01/09/2019;2019;Vistabella del Maestrat;Umbria Tormegal;Rayo;0;0.015; <1 ;727960;4469306;40.34318238;-0.316094658
01/09/2019;2019;Zucaina;Casa Alta;Rayo;0.002;0; <1 ;717606;4447327;40.14812589;-0.445332849
18/09/2019;2019;Puebla de Arenoso;Cabezo;Rayo;0;0.25; <1 ;705969;4439662;40.08206148;-0.584275683
07/10/2019;2019;Altura;Ribas;Otras Causas;0.01;0; <1 ;705963;4413355;39.84525097;-0.592670604
27/02/2020;2020;Altura;Berro;Desconocida / En investigaci칩n;0.005;0; <1 ;712146;4415731;39.86511699;-0.519695295
10/03/2020;2020;Pen칤scola/Pe침칤scola;La Escucha;Negligencia;0;0.53; <1 ;782106;4465264;40.29029105;0.318698723
09/07/2020;2020;Pav칤as;Barranco de Pav칤as;Rayo;0.01;0; <1 ;714529;4428297;39.97762791;-0.487726634
10/07/2020;2020;Toro (el);Solana Mesura;Rayo;0;0.001; <1 ;686867;4425864;39.96229046;-0.812125994
12/07/2020;2020;Benafigos;Serradetes;Rayo;0;0.01; <1 ;743570;4458072;40.23768952;-0.136792351
12/07/2020;2020;Vistabella del Maestrat;Devesa;Rayo;0;0.001; <1 ;731480;4463766;40.29235864;-0.276700979
14/07/2020;2020;Atzeneta del Maestrat;Carrascal de les Voltes;Rayo;0.001;0; <1 ;734234;4460736;40.26432499;-0.245443779
24/07/2020;2020;T칤rig;Pla de la Calba;Desconocida / En investigaci칩n;0.014;0; <1 ;762384;4481990;40.44717973;0.093900024
12/08/2020;2020;Vilafam칠s;El Morral;Rayo;0;0; <1 ;750520;4443685;40.10619143;-0.060788848
12/08/2020;2020;Benlloc;Serraes;Rayo;0.002;0; <1 ;755094;4458233;40.23570899;-0.00143337
09/09/2020;2020;Segorbe;Masia Nueva;Rayo;0.01;0.01; <1 ;717746;4403834;39.75661168;-0.458232499
10/09/2020;2020;Onda;Raco de Tal맙;Rayo;0;0.002; <1 ;734697;4424144;39.93489574;-0.253288205
10/09/2020;2020;Alcora (l');Rabosera;Rayo;0;0.01; <1 ;742440;4441007;40.08445943;-0.156478769
17/09/2020;2020;Cabanes;Partida El Clauguet;Rayo;0;0.05; <1 ;760644;4449760;40.15777289;0.060286254
17/10/2020;2020;Zorita del Maestrazgo;Masia San Antonio;Desconocida / En investigaci칩n;1;0;1;741510;4510570;40.7106577;-0.140997927
19/10/2020;2020;Cabanes;Pla de las Muletas;Desconocida / En investigaci칩n;0.02;0; <1 ;759801;4441607;40.08468279;0.047122268
29/10/2020;2020;Bej칤s;Arteas;Desconocida / En investigaci칩n;76.32;0;76.32;692906;4418569;39.89525859;-0.743629581
22/02/2021;2021;Ay칩dar;Camino del collado;Rayo;0;0; <1 ;725882;4429565;39.98608345;-0.354465571
23/02/2021;2021;Torreblanca;Pl치 de Roquet;Desconocida / En investigaci칩n;0.03;0; <1 ;769725;4456175;40.21261471;0.169444306
21/03/2021;2021;Rossell;Planes del Ullastre;Negligencia;0.06;0; <1 ;774850;4503899;40.64021427;0.250195511
12/04/2021;2021;Sant Joan de Mor칩;Ermita de Sant Vicent;Rayo;0;0.03; <1 ;748000;4439424;40.06859705;-0.091951787
21/04/2021;2021;Morella;Mas de Roc;Rayo;0;0; <1 ;740630;4502620;40.63938419;-0.154448456
15/05/2021;2021;Segorbe;Fuente Moron;Negligencia;1;0;1;714748;4415978;39.86668602;-0.489220271
22/05/2021;2021;Navajas;Sobrellano;Negligencia;0.1;0; <1 ;712794;4417327;39.87932116;-0.511606528
14/06/2021;2021;Sot de Ferrer;Rio Pal치ncia;Otras Causas;0.07;0; <1 ;721266;4409370;39.80553425;-0.415317467
24/06/2021;2021;Castell칩n de la Plana/Castell칩 de la Plana;Raca;Rayo;0.3;0; <1 ;754755;4437264;40.04714805;-0.013692191
20/07/2021;2021;Benafigos;Mas de la Porrona;Rayo;0.09;0; <1 ;735662;4464098;40.29417815;-0.227432763
20/07/2021;2021;Ludiente;Benachera;Rayo;0;0.015; <1 ;721217;4441875;40.0981133;-0.404848677
20/07/2021;2021;Castillo de Villamalefa;Roque-Chiva;Rayo;0;0.055; <1 ;725865;4445422;40.12880211;-0.349136365
21/07/2021;2021;Cabanes;Pou de la Bota;Rayo;0.007;0; <1 ;761009;4448202;40.14364281;0.063935508
21/07/2021;2021;Vistabella del Maestrat;Sierra Batalla;Rayo;0.651;0; <1 ;725288;4464164;40.29763173;-0.349333284
14/08/2021;2021;Culla;Font de L'Onzell;Rayo;0;0; <1 ;739868;4469996;40.34605444;-0.175793092
19/08/2021;2021;Pen칤scola/Pe침칤scola;Corral Blanc;Rayo;0.001;0; <1 ;785734;4476400;40.38921363;0.366289239
23/08/2021;2021;Culla;Rac칩 dels Corrals;Rayo;0.04;0; <1 ;742497;4466633;40.31503423;-0.146151415
01/09/2021;2021;Borriol;Talaya;Rayo;0.003;0; <1 ;755120;4440900;40.07975229;-0.007987025
09/09/2021;2021;Onda;Pic de Sales;Intencionado;0;0.01; <1 ;736960;4425295;39.94462374;-0.226414436
18/09/2021;2021;Benafigos;M치s de Giner;Rayo;0;0; <1 ;739743;4460932;40.26452901;-0.180658891
16/02/2022;2022;Sierra Engarcer치n;Mas de Agut;Negligencia;7.351;0;7.35;750905;4460924;40.26118593;-0.04955969
21/05/2022;2022;Montanejos;R칤o Mijares;Negligencia;0.057;0; <1 ;711034;4438600;40.07124846;-0.525268408
26/05/2022;2022;Cortes de Arenoso;El Cerro;Rayo;0;0.081; <1 ;713517;4445249;40.13047075;-0.493981039
14/06/2022;2022;Toro (el);Pe침a Guit칩n;Rayo;0.001;0; <1 ;693641;4428607;39.98546147;-0.732055785
14/06/2022;2022;Rossell;Les Sorts;Rayo;0.001;0; <1 ;767716;4502349;40.62861455;0.165298418
14/06/2022;2022;Rossell;Barranco Narqu칠z;Rayo;0.526;0; <1 ;770270;4502648;40.63047279;0.19557913
15/06/2022;2022;Vallibona;Camino Rosell a Vallibona/Mas del Coll;Rayo;1.7;0.5;2.2;769067;4499353;40.60122702;0.179969164
17/06/2022;2022;Caudiel;Monte Royo;Otras Causas;80.384;17.705;98.09;709020;4423433;39.9352239;-0.55374579
28/06/2022;2022;Zorita del Maestrazgo;Venta Ciprian;Rayo;0;0.005; <1 ;737719;4514699;40.74891185;-0.18425708
27/07/2022;2022;Vilafranca/Villafranca del Cid;Masia Ca침ada;Rayo;0;0; <1 ;734500;4481959;40.45523109;-0.234520562
27/07/2022;2022;Cortes de Arenoso;Garranchosa;Rayo;0;0.113; <1 ;712253;4448651;40.16141227;-0.507683594
29/07/2022;2022;Pobla de Benifass (la);Tossal de Paulino;Rayo;0;0.012; <1 ;768722;4504906;40.65128809;0.178267118
29/07/2022;2022;Castell칩n de la Plana/Castell칩 de la Plana;la Barca d'Alcosser;Intencionado;0.18;0; <1 ;714169;4330471;39.09709148;-0.523452413
04/08/2022;2022;Pobla de Benifass (la);La Foieta de Baix;Intencionado;0.026;0; <1 ;770564;4507830;40.67698714;0.201279413
13/08/2022;2022;Vall d'Uix칩 (la);Carbonaire;Otras Causas;3.73;0;3.73;737086;4412571;39.83008002;-0.229557894
14/08/2022;2022;Costur;Pla del Maneguet;Otras Causas;727.788;0;727.79;740816;4447111;40.13985301;-0.173229381
17/08/2022;2022;Vilafranca/Villafranca del Cid;Mas de Patir맙;Rayo;0;0.001; <1 ;730479;4476059;40.40326149;-0.284027837
17/08/2022;2022;Alboc맙ser;La Llacunasa;Rayo;3.761;0;3.76;753455;4475422;40.39085717;-0.013864227
18/08/2022;2022;Pav칤as;Rambla de Artea;Rayo;0;0.011; <1 ;716750;4427118;39.96644928;-0.462134006
03/09/2022;2022;Rossell;Pe침a del Aguila;Rayo;0;0; <1 ;775193;4506448;40.66302637;0.255360576
02/04/2017;2017;Puebla de Arenoso;Ermita de los Angeles;Desconocida / En investigaci칩n;0;0.4; <1 ;707420;4440960;40.09338942;-0.566855739
16/04/2017;2017;Benic맙sim/Benicasim;Mas칤a de les Tres Portes;Rayo;0.1;0; <1 ;757277;4436461;40.03915785;0.015514302
24/05/2017;2017;Sant Mateu;Clot de Valons;Intencionado;1.5;0;1.5;768133;4482550;40.45038382;0.161828772
29/05/2017;2017;Azu칠bar;Los Chorros;Intencionado;0.1;0; <1 ;725087;4413542;39.84208214;-0.36929436
30/05/2017;2017;Cat칤;l'Avell;Negligencia;0.005;0; <1 ;754089;4487595;40.50018174;-0.001537111
12/06/2017;2017;Alcora (l');Urb. El Pantano Lago Azul;Intencionado;0;0.15; <1 ;741482;4436200;40.04147795;-0.169494028
21/06/2017;2017;Vilafranca/Villafranca del Cid;Pla de l'Alt;Rayo;0.001;0; <1 ;732804;4475334;40.39609077;-0.256924596
03/07/2017;2017;Vila-real;Madrigal;Intencionado;0;0.1; <1 ;745333;4427397;39.96115361;-0.127731947
08/07/2017;2017;Coves de Vinrom (les);El Collet;Intencionado;0.3;0; <1 ;766483;4467321;40.31391928;0.136034191
09/07/2017;2017;Azu칠bar;Monte Plano;Intencionado;0.3;0; <1 ;724764;4412501;39.83279807;-0.373422886
12/07/2017;2017;Vall d'Alba;Tossal Roig;Intencionado;0;10;10;751290;4450632;40.16846842;-0.049061148
13/07/2017;2017;Vall d'Alba;Mas de Cualet;Otras Causas;0.04;0; <1 ;750463;4452535;40.18583792;-0.058020593
21/07/2017;2017;Fuentes de Ay칩dar;Juan Lentejas;Rayo;0;0.01; <1 ;720091;4431976;40.00931184;-0.421407615
31/07/2017;2017;Sot de Ferrer;El Juncar;Otras Causas;0;0.1; <1 ;722665;4407564;39.78891372;-0.399603757
01/08/2017;2017;Vistabella del Maestrat;Albaches d'Alt;Rayo;0;0.01; <1 ;728923;4461161;40.26961915;-0.307682551
10/08/2017;2017;Alcal de Xivert;Punta de Cap i Corb;Intencionado;0.2;0; <1 ;777739;4456004;40.20846114;0.263397745
29/08/2017;2017;Pobla Tornesa (la);La Rambleta;Rayo;0.004;0; <1 ;754938;4443936;40.10712336;-0.008922079
22/09/2017;2017;Sierra Engarcer치n;La Palomita;Rayo;0.01;0; <1 ;750054;4457270;40.22856354;-0.060977717
24/09/2017;2017;Vistabella del Maestrat;Mas de Roig;Rayo;2.2;1.6;3.8;724436;4459257;40.25369892;-0.361066085
15/12/2017;2017;Borriana/Burriana;Clot de la Mare de Deu;Intencionado;0.04;0; <1 ;750699;4419323;39.88693009;-0.068088797
27/12/2017;2017;Vall d'Uix칩 (la);Poualets;Desconocida / En investigaci칩n;0;0.2; <1 ;737389;4412909;39.83303727;-0.225898676
29/12/2017;2017;Suera/Sueras;La Rosa;Negligencia;0;2.5;2.5;726935;4426652;39.95958401;-0.343161334
01/01/2018;2018;Vistabella del Maestrat;El Calvari;Negligencia;0.04;0; <1 ;729875;4463792;40.29303538;-0.295554043
06/01/2018;2018;Figueroles;Cabezo;Rayo;0;0; <1 ;736307;4443639;40.10988786;-0.227368831
06/01/2018;2018;Onda;Pedrizas;Rayo;0;0; <1 ;737760;4432889;40.01273916;-0.214285168
25/01/2018;2018;Sant Mateu;Quatre Motjana;Intencionado;1.2;0;1.2;768759;4484137;40.46445727;0.1698714
10/02/2018;2018;Torreblanca;Prat;Intencionado;100;0;100;772477;4454311;40.19495775;0.200945043
19/02/2018;2018;Coves de Vinrom (les);Hort de Granell;Negligencia;1.5;0;1.5;764939;4470815;40.34584194;0.119337806
07/03/2018;2018;Mata de Morella (la);R칤o Cantavieja- Molino de la Punta;Intencionado;0.031;0; <1 ;730035;4499320;40.61270704;-0.280807041
20/03/2018;2018;Torreblanca;El Prat;Intencionado;206;0;206;772942;4454916;40.20024884;0.206656204
24/03/2018;2018;J칠rica;La Tarihuela;Negligencia;1;2;3;709760;4420482;39.90847707;-0.546041747
25/03/2018;2018;Borriana/Burriana;Riu Sec de Betx칤;Intencionado;0.05;0; <1 ;750490;4419146;39.88539916;-0.070597872
31/03/2018;2018;Culla;Masia Barreda;Negligencia;0.2;0; <1 ;740102;4467819;40.32639788;-0.173859227
09/05/2018;2018;Borriol;Pe침a;Negligencia;0.01;0; <1 ;751168;4441966;40.09053126;-0.053863427
21/05/2018;2018;Sant Jordi/San Jorge;Los Senien;Rayo;0;0.05; <1 ;783012;4492118;40.5315063;0.341277007
21/05/2018;2018;Sant Jordi/San Jorge;Los Senien;Rayo;0;0.15; <1 ;783058;4491383;40.52488029;0.34149051
13/06/2018;2018;Eslida;El Castell;Intencionado;0.05;0; <1 ;730147;4417744;39.87854475;-0.308738305
29/06/2018;2018;Bej칤s;Barranco la Serratilla;Rayo;0;0.006; <1 ;695304;4421622;39.92219506;-0.714688093
09/07/2018;2018;Pen칤scola/Pe침칤scola;Poach;Rayo;0;0; <1 ;784377;4479440;40.41701865;0.351685458
10/07/2018;2018;Benic맙sim/Benicasim;Cueva Queralt;Otras Causas;0.01;0; <1 ;760503;4439233;40.06310747;0.054389557
22/07/2018;2018;Zorita del Maestrazgo;Solana de l'Org칤;Rayo;0;0.075; <1 ;740396;4514907;40.75000568;-0.152505631
06/08/2018;2018;Tor치s;Hoya Elvira;Rayo;0;0.001; <1 ;697443;4424839;39.95066042;-0.688703516
07/08/2018;2018;Llucena/Lucena del Cid;La Talaia;Rayo;0.005;0; <1 ;731481;4452479;40.19078391;-0.280759194
13/08/2018;2018;Soneja;Almaros;Rayo;0;0.015; <1 ;726285;4411106;39.81983879;-0.356147981
16/08/2018;2018;Sant Mateu;Campo- Povet;Intencionado;0.18;0; <1 ;766484;4484109;40.46493781;0.14306569
17/08/2018;2018;Alcora (l');Rac칩 del Corb;Rayo;0;0.3; <1 ;739337;4442252;40.09655032;-0.19237092
17/08/2018;2018;Artana;Penya de Mig dia;Rayo;0.06;0; <1 ;736514;4418840;39.88665732;-0.233968784
21/08/2018;2018;Villahermosa del R칤o;Salvatierra;Rayo;0;0.011; <1 ;718756;4454652;40.21375558;-0.429356131
23/08/2018;2018;Viver;Morredondo;Rayo;0;0.001; <1 ;700536;4423140;39.93463818;-0.653047761
28/08/2018;2018;Segorbe;Somat;Rayo;0;0.025; <1 ;718242;4405194;39.76872648;-0.451996588
30/08/2018;2018;Vinar쑙;El Puig;Negligencia;0.004;0; <1 ;790050;4490506;40.51457851;0.423490896
04/09/2018;2018;Eslida;Masia;Rayo;0;0.002; <1 ;730636;4420505;39.90326088;-0.302051355
06/09/2018;2018;Castellnovo;Malaza;Rayo;0;0.001; <1 ;716954;4416484;39.87067962;-0.463284109
09/09/2018;2018;Useres (les)/Useras;Serretes;Rayo;0;0; <1 ;743529;4448858;40.15479165;-0.140761053
13/09/2018;2018;Figueroles;Bovalar;Rayo;0.005;0; <1 ;734288;4444131;40.11487997;-0.250853831
03/02/2019;2019;Benicarl칩;Desembocadura del r칤o seco;Negligencia;0.03;0; <1 ;791546;4480065;40.42016033;0.43632371
03/02/2019;2019;Sierra Engarcer치n;Mas d'Agut;Otras Causas;0;0.6; <1 ;751014;4460635;40.258553;-0.048392647
01/03/2019;2019;Sot de Ferrer;R칤o Palancia;Otras Causas;0.35;0; <1 ;721389;4409488;39.80656436;-0.413842221
09/03/2019;2019;Sierra Engarcer치n;Sauco;Negligencia;0;0.3; <1 ;753545;4459982;40.25191523;-0.01892729
11/04/2019;2019;Almassora;La Foia (Casa del Millonario);Intencionado;0.05;0; <1 ;749460;4426335;39.95039083;-0.079880062
19/05/2019;2019;Ay칩dar;La Jara Alta;Rayo;0;0.001; <1 ;724445;4429669;39.98740229;-0.371243075
02/07/2019;2019;Sant Mateu;Font de les Piques;Negligencia;0;15.65;15.65;770923;4486184;40.48216765;0.196230954
02/07/2019;2019;Vila-real;El Termet;Negligencia;0.06;0; <1 ;746072;4427459;39.9614969;-0.119066875
14/07/2019;2019;Cabanes;El Bomb칤;Desconocida / En investigaci칩n;0.02;0; <1 ;767006;4449556;40.15394029;0.134795167
16/07/2019;2019;Vallibona;Escala de Turmell;Rayo;0;0.003; <1 ;761542;4496449;40.57751664;0.089955855
17/07/2019;2019;Castellfort;Mas del Troncho;Rayo;0;0.001; <1 ;735491;4485196;40.48407902;-0.221645547
26/07/2019;2019;Morella;Mas de Regatxol;Rayo;0.001;0; <1 ;754753;4503940;40.64702529;0.012882957
26/07/2019;2019;Segorbe;Portillo;Rayo;0.085;0; <1 ;718958;4406702;39.78211647;-0.443142487
26/07/2019;2019;Barracas;Cerro Larios;Rayo;0;0; <1 ;698206;4426991;39.96985534;-0.679123389
16/08/2019;2019;Jana (la);Basa de Llaurens;Intencionado;0.377;0; <1 ;772851;4487386;40.49234844;0.219459823
01/09/2019;2019;Rossell;Font de l' argent;Rayo;0;0.002; <1 ;772038;4499338;40.60012053;0.215023212
23/11/2019;2019;T칤rig;Tancat de Roc;Otras Causas;0.4;0; <1 ;761349;4477535;40.40742802;0.079882163
27/11/2019;2019;Sant Mateu;Baix la Vila;Intencionado;0.337;0; <1 ;769826;4483310;40.45667263;0.18208634
02/12/2019;2019;Coves de Vinrom (les);Campas;Intencionado;0.03;0; <1 ;767287;4467249;40.31301483;0.145452284
12/03/2020;2020;Almassora;Boverot;Intencionado;0.1;0; <1 ;744845;4429061;39.97626856;-0.132812491
12/05/2020;2020;Viver;El Sargal;Negligencia;0.015;0; <1 ;705614;4420825;39.91258076;-0.594396557
16/06/2020;2020;Llucena/Lucena del Cid;Mas de Llorens;Rayo;0;0.004; <1 ;730376;4449348;40.16291067;-0.294846054
22/07/2020;2020;Gaibiel;Simas;Rayo;0;0.002; <1 ;714483;4424664;39.94493825;-0.489461836
12/08/2020;2020;Pobla Tornesa (la);EL Burbar;Rayo;0.002;0.002; <1 ;756628;4441492;40.08462069;0.00991037
13/08/2020;2020;Sierra Engarcer치n;Els Macos;Rayo;0;0.001; <1 ;750648;4455647;40.21378313;-0.054637827
28/08/2020;2020;Atzeneta del Maestrat;Roques del Moregot;Rayo;2.5;0;2.5;734294;4458501;40.2441955;-0.245555178
29/08/2020;2020;Caudiel;Candelar;Rayo;0;0.002; <1 ;708295;4427333;39.97050919;-0.560976126
02/09/2020;2020;Santa Magdalena de Pulpis;Estelaes;Rayo;0.4;0; <1 ;771088;4477312;40.4023096;0.194390926
07/09/2020;2020;Pen칤scola/Pe침칤scola;Cala Argilaga;Rayo;0;0.06; <1 ;782731;4464119;40.27978172;0.325534242
02/11/2020;2020;Matet;Zoraigue;Negligencia;1;0.7;1.7;715444;4424275;39.94119275;-0.478352141
03/04/2021;2021;Villahermosa del R칤o;El Collad칤n;Rayo;0;0.05; <1 ;713634;4456492;40.23163773;-0.48887861
21/05/2021;2021;Navajas;El Nogueral;Negligencia;0.015;0; <1 ;713105;4417348;39.87943213;-0.507966115
08/06/2021;2021;Cirat;Campillo;Rayo;0;0.019; <1 ;719870;4439902;40.08070814;-0.421306158
09/06/2021;2021;Borriol;Bocaverd;Rayo;0.001;0; <1 ;752338;4441071;40.08212867;-0.040505936
10/07/2021;2021;Vall d'Alba;Ermita de San Cristobal;Otras Causas;0.003;0; <1 ;751529;4452401;40.18431351;-0.045567244
20/07/2021;2021;Cortes de Arenoso;Mas칤a el Camino;Rayo;0;0.004; <1 ;711406;4448719;40.16223794;-0.517598085
23/07/2021;2021;Sant Joan de Mor칩;Embalse M춹 Cristina;Negligencia;0.6;0.6;1.2;743028;4436030;40.03950426;-0.151457538
26/07/2021;2021;Caudiel;Carretera de Higueras;Rayo;0;0.001; <1 ;709561;4426126;39.95933152;-0.546553355
01/08/2021;2021;Vilar de Canes;La Segarra;Rayo;2;0;2;750570;4471816;40.35928555;-0.049228339
23/08/2021;2021;Benassal;Mas de Panis;Rayo;0.5;0; <1 ;746360;4473697;40.37746395;-0.098019102
24/08/2021;2021;Ch칩var;Logro침o;Rayo;0.01;0; <1 ;728996;4414136;39.8463836;-0.323446723
09/09/2021;2021;Onda;Pic de Sales;Intencionado;0;0.042; <1 ;736799;4425176;39.94359787;-0.228340086
03/02/2022;2022;Atzeneta del Maestrat;Pou de la Riva;Negligencia;0.515;0; <1 ;736876;4458498;40.24344233;-0.215235109
03/04/2022;2022;Culla;Mas del Pla de Sabater;Negligencia;0.085;0; <1 ;743376;4466497;40.31355494;-0.135870787
05/04/2022;2022;Viver;Cerro Negro;Otras Causas;0.818;0; <1 ;704784;4425141;39.95163443;-0.602743408
30/04/2022;2022;Xodos/Chodos;Mas de Montoliu;Rayo;0;0.001; <1 ;727766;4455401;40.21809737;-0.323319617
30/04/2022;2022;Viver;Alto Santa Cruz;Rayo;0;0.003; <1 ;704662;4420986;39.91426056;-0.605474897
23/05/2022;2022;J칠rica;El 츼lamo;Otras Causas;0.741;0; <1 ;708880;4420548;39.90928852;-0.556306799
16/06/2022;2022;Xert;Sierra Espadella;Rayo;10;6.737;16.74;761776;4493237;40.54854825;0.091385702
27/06/2022;2022;Vilavella (la);Massianets;Rayo;0;0.016; <1 ;739633;4416460;39.86436385;-0.198405196
07/07/2022;2022;Sant Joan de Mor칩;Fortu침o;Rayo;0;0.05; <1 ;745466;4437632;40.05321385;-0.122308904
15/07/2022;2022;Ares del Maestrat;Mas de Mariana;Otras Causas;0.02;0; <1 ;742327;4485528;40.48510014;-0.140960605
19/07/2022;2022;Chilches/Xilxes;Monta침eta de Xalma;Intencionado;0.257;0; <1 ;740744;4409220;39.79889544;-0.188090959
20/07/2022;2022;Segorbe;Arguinas;Otras Causas;0;0.031; <1 ;723429;4406108;39.77560838;-0.391185333
26/07/2022;2022;Benassal;Rac칩 Morral;Rayo;0.001;0; <1 ;739993;4477202;40.4108597;-0.17161065
27/07/2022;2022;Cortes de Arenoso;Marroyo Rula;Rayo;0;0.003; <1 ;708344;4450396;40.1780982;-0.552979544
28/07/2022;2022;Castillo de Villamalefa;Pe침as de Castell칩n;Rayo;0;0.106; <1 ;723834;4444017;40.11669994;-0.373436407
05/08/2022;2022;Traiguera;Les Sorts;Intencionado;0.394;0; <1 ;778260;4490406;40.51771628;0.284510037
17/08/2022;2022;Cat칤;Mas de Segarra de Baix;Rayo;4.585;1.671;6.26;751565;4475672;40.3936791;-0.03600462
17/08/2022;2022;Vilafranca/Villafranca del Cid;Tossal de Coder;Rayo;0.071;0; <1 ;726268;4480434;40.44378826;-0.332042736
18/08/2022;2022;Traiguera;Barranquet;Intencionado;3.882;0;3.88;778255;4490432;40.51795181;0.284462535
27/08/2022;2022;Llucena/Lucena del Cid;Tossal Donatiu;Rayo;2.5;0;2.5;736129;4451288;40.17877126;-0.226655205
29/08/2022;2022;Villahermosa del R칤o;El Carbo;Rayo;0;0.04; <1 ;722543;4457825;40.24131618;-0.383798639
31/08/2022;2022;Coves de Vinrom (les);Mas de l'hereu;Rayo;0.006;0; <1 ;768271;4460061;40.24803864;0.154006205
31/08/2022;2022;Onda;El Calvario;Rayo;0;0.017; <1 ;734670;4426037;39.95193931;-0.2529221
02/09/2022;2022;Cat칤;Mas de la Serrada;Rayo;0.13;0; <1 ;753950;4484926;40.47621209;-0.004244155
21/09/2022;2022;Azu칠bar;Camino de los Chorros;Rayo;0;0.005; <1 ;725187;4413592;39.84250566;-0.368109578
25/09/2022;2022;Alcora (l');Barracons;Desconocida / En investigaci칩n;0.026;0; <1 ;737134;4439850;40.07555797;-0.219065501
28/11/2022;2022;Vall d'Alba;Pou de Beca;Desconocida / En investigaci칩n;0.084;0; <1 ;751806;4454820;40.20599534;-0.041371156
